/*
Deployment script for AADatabase

This code was generated by a tool.
Changes to this file may cause incorrect behavior and will be lost if
the code is regenerated.
*/

GO
SET ANSI_NULLS, ANSI_PADDING, ANSI_WARNINGS, ARITHABORT, CONCAT_NULL_YIELDS_NULL, QUOTED_IDENTIFIER ON;

SET NUMERIC_ROUNDABORT OFF;


GO
:setvar DatabaseName "AADatabase"
:setvar DefaultFilePrefix "AADatabase"
:setvar DefaultDataPath ""
:setvar DefaultLogPath ""

GO
:on error exit
GO
/*
Detect SQLCMD mode and disable script execution if SQLCMD mode is not supported.
To re-enable the script after enabling SQLCMD mode, execute the following:
SET NOEXEC OFF; 
*/
:setvar __IsSqlCmdEnabled "True"
GO
IF N'$(__IsSqlCmdEnabled)' NOT LIKE N'True'
    BEGIN
        PRINT N'SQLCMD mode must be enabled to successfully execute this script.';
        SET NOEXEC ON;
    END


GO
USE [master];


GO

IF (DB_ID(N'$(DatabaseName)') IS NOT NULL) 
BEGIN
    ALTER DATABASE [$(DatabaseName)]
    SET SINGLE_USER WITH ROLLBACK IMMEDIATE;
    DROP DATABASE [$(DatabaseName)];
END

GO
PRINT N'Creating $(DatabaseName)...'
GO
CREATE DATABASE [$(DatabaseName)] COLLATE SQL_Latin1_General_CP1_CI_AS
GO
IF EXISTS (SELECT 1
           FROM   [master].[dbo].[sysdatabases]
           WHERE  [name] = N'$(DatabaseName)')
    BEGIN
        ALTER DATABASE [$(DatabaseName)]
            SET ANSI_NULLS ON,
                ANSI_PADDING ON,
                ANSI_WARNINGS ON,
                ARITHABORT ON,
                CONCAT_NULL_YIELDS_NULL ON,
                NUMERIC_ROUNDABORT OFF,
                QUOTED_IDENTIFIER ON,
                ANSI_NULL_DEFAULT ON,
                CURSOR_DEFAULT LOCAL,
                RECOVERY FULL,
                CURSOR_CLOSE_ON_COMMIT OFF,
                AUTO_CREATE_STATISTICS ON,
                AUTO_SHRINK OFF,
                AUTO_UPDATE_STATISTICS ON,
                RECURSIVE_TRIGGERS OFF 
            WITH ROLLBACK IMMEDIATE;
        ALTER DATABASE [$(DatabaseName)]
            SET AUTO_CLOSE OFF 
            WITH ROLLBACK IMMEDIATE;
    END


GO
IF EXISTS (SELECT 1
           FROM   [master].[dbo].[sysdatabases]
           WHERE  [name] = N'$(DatabaseName)')
    BEGIN
        ALTER DATABASE [$(DatabaseName)]
            SET ALLOW_SNAPSHOT_ISOLATION OFF;
    END


GO
IF EXISTS (SELECT 1
           FROM   [master].[dbo].[sysdatabases]
           WHERE  [name] = N'$(DatabaseName)')
    BEGIN
        ALTER DATABASE [$(DatabaseName)]
            SET READ_COMMITTED_SNAPSHOT OFF 
            WITH ROLLBACK IMMEDIATE;
    END


GO
IF EXISTS (SELECT 1
           FROM   [master].[dbo].[sysdatabases]
           WHERE  [name] = N'$(DatabaseName)')
    BEGIN
        ALTER DATABASE [$(DatabaseName)]
            SET AUTO_UPDATE_STATISTICS_ASYNC OFF,
                PAGE_VERIFY NONE,
                DATE_CORRELATION_OPTIMIZATION OFF,
                DISABLE_BROKER,
                PARAMETERIZATION SIMPLE,
                SUPPLEMENTAL_LOGGING OFF 
            WITH ROLLBACK IMMEDIATE;
    END


GO
IF IS_SRVROLEMEMBER(N'sysadmin') = 1
    BEGIN
        IF EXISTS (SELECT 1
                   FROM   [master].[dbo].[sysdatabases]
                   WHERE  [name] = N'$(DatabaseName)')
            BEGIN
                EXECUTE sp_executesql N'ALTER DATABASE [$(DatabaseName)]
    SET TRUSTWORTHY OFF,
        DB_CHAINING OFF 
    WITH ROLLBACK IMMEDIATE';
            END
    END
ELSE
    BEGIN
        PRINT N'The database settings cannot be modified. You must be a SysAdmin to apply these settings.';
    END


GO
IF IS_SRVROLEMEMBER(N'sysadmin') = 1
    BEGIN
        IF EXISTS (SELECT 1
                   FROM   [master].[dbo].[sysdatabases]
                   WHERE  [name] = N'$(DatabaseName)')
            BEGIN
                EXECUTE sp_executesql N'ALTER DATABASE [$(DatabaseName)]
    SET HONOR_BROKER_PRIORITY OFF 
    WITH ROLLBACK IMMEDIATE';
            END
    END
ELSE
    BEGIN
        PRINT N'The database settings cannot be modified. You must be a SysAdmin to apply these settings.';
    END


GO
ALTER DATABASE [$(DatabaseName)]
    SET TARGET_RECOVERY_TIME = 0 SECONDS 
    WITH ROLLBACK IMMEDIATE;


GO
IF EXISTS (SELECT 1
           FROM   [master].[dbo].[sysdatabases]
           WHERE  [name] = N'$(DatabaseName)')
    BEGIN
        ALTER DATABASE [$(DatabaseName)]
            SET FILESTREAM(NON_TRANSACTED_ACCESS = OFF),
                CONTAINMENT = NONE 
            WITH ROLLBACK IMMEDIATE;
    END


GO
USE [$(DatabaseName)];


GO
IF fulltextserviceproperty(N'IsFulltextInstalled') = 1
    EXECUTE sp_fulltext_database 'enable';


GO
/*
 Pre-Deployment Script Template							
--------------------------------------------------------------------------------------
 This file contains SQL statements that will be executed before the build script.	
 Use SQLCMD syntax to include a file in the pre-deployment script.			
 Example:      :r .\myfile.sql								
 Use SQLCMD syntax to reference a variable in the pre-deployment script.		
 Example:      :setvar TableName MyTable							
               SELECT * FROM [$(TableName)]					
--------------------------------------------------------------------------------------
*/

GO

GO
PRINT N'Creating [portal]...';


GO
CREATE SCHEMA [portal]
    AUTHORIZATION [dbo];


GO
PRINT N'Creating [lookups]...';


GO
CREATE SCHEMA [lookups]
    AUTHORIZATION [dbo];


GO
PRINT N'Creating [content]...';


GO
CREATE SCHEMA [content]
    AUTHORIZATION [dbo];


GO
PRINT N'Creating [portal].[AdClients]...';


GO
CREATE TABLE [portal].[AdClients] (
    [AdClientId]   INT           IDENTITY (1, 1) NOT NULL,
    [Name]         VARCHAR (50)  NULL,
    [Organization] VARCHAR (100) NULL,
    [Active]       BIT           NULL,
    CONSTRAINT [PK_AdClients] PRIMARY KEY CLUSTERED ([AdClientId] ASC)
);


GO
PRINT N'Creating [portal].[Configuration]...';


GO
CREATE TABLE [portal].[Configuration] (
    [ConfigId]      INT NOT NULL,
    [AdCycle]       INT NOT NULL,
    [FeatureCycle]  INT NOT NULL,
    [ShowTechNotes] BIT NOT NULL,
    [RequireLogin]  BIT NOT NULL,
    CONSTRAINT [PK_Configuration] PRIMARY KEY CLUSTERED ([ConfigId] ASC)
);


GO
PRINT N'Creating [portal].[Ads]...';


GO
CREATE TABLE [portal].[Ads] (
    [AdId]              INT           IDENTITY (1, 1) NOT NULL,
    [Name]              VARCHAR (50)  NOT NULL,
    [Priority]          INT           NOT NULL,
    [Link]              VARCHAR (100) NOT NULL,
    [StartDate]         DATETIME2 (7) NOT NULL,
    [ExpirationDate]    DATETIME2 (7) NOT NULL,
    [ClientId]          INT           NOT NULL,
    [AdCategoryId]      INT           NOT NULL,
    [BannerGraphicFile] VARCHAR (100) NOT NULL,
    [Active]            BIT           NOT NULL,
    CONSTRAINT [PK_Ads] PRIMARY KEY CLUSTERED ([AdId] ASC)
);


GO
PRINT N'Creating [portal].[AdCategories]...';


GO
CREATE TABLE [portal].[AdCategories] (
    [AdCategoryId]      INT           IDENTITY (1, 1) NOT NULL,
    [Name]              VARCHAR (50)  NOT NULL,
    [SortOrder]         INT           NOT NULL,
    [Description]       TEXT          NULL,
    [BannerGraphicFile] VARCHAR (100) NOT NULL,
    [Active]            BIT           NOT NULL,
    CONSTRAINT [PK_AdCategories] PRIMARY KEY CLUSTERED ([AdCategoryId] ASC)
);


GO
PRINT N'Creating [lookups].[FeatureCycles]...';


GO
CREATE TABLE [lookups].[FeatureCycles] (
    [FeatureCycleId] INT           IDENTITY (1, 1) NOT NULL,
    [Name]           VARCHAR (100) NULL,
    [Active]         BIT           NOT NULL,
    CONSTRAINT [PK_FeatureCycles] PRIMARY KEY CLUSTERED ([FeatureCycleId] ASC)
);


GO
PRINT N'Creating [lookups].[AdCycles]...';


GO
CREATE TABLE [lookups].[AdCycles] (
    [AdCycleId] INT           IDENTITY (1, 1) NOT NULL,
    [Name]      VARCHAR (100) NULL,
    [Active]    BIT           NOT NULL,
    CONSTRAINT [PK_AdCycles] PRIMARY KEY CLUSTERED ([AdCycleId] ASC)
);


GO
PRINT N'Creating [content].[Games]...';


GO
CREATE TABLE [content].[Games] (
    [GameId]         INT           IDENTITY (1, 1) NOT NULL,
    [Name]           VARCHAR (50)  NOT NULL,
    [Link]           VARCHAR (100) NOT NULL,
    [Description]    TEXT          NULL,
    [Graphic400x200] VARCHAR (50)  NULL,
    [Graphic200x100] VARCHAR (50)  NOT NULL,
    [Graphic100x100] VARCHAR (50)  NULL,
    [TechNotes]      TEXT          NULL,
    [Developer]      VARCHAR (50)  NULL,
    [Featured]       BIT           NULL,
    [Priority]       INT           NULL,
    [Active]         BIT           NOT NULL,
    CONSTRAINT [PK_Games] PRIMARY KEY CLUSTERED ([GameId] ASC)
);


GO
PRINT N'Creating [content].[GameCategories]...';


GO
CREATE TABLE [content].[GameCategories] (
    [CategoryId] INT NOT NULL,
    [GameId]     INT NOT NULL,
    [Active]     BIT NOT NULL,
    CONSTRAINT [PK_GameCategories] PRIMARY KEY CLUSTERED ([CategoryId] ASC, [GameId] ASC)
);


GO
PRINT N'Creating [content].[Categories]...';


GO
CREATE TABLE [content].[Categories] (
    [CategoryId]        INT           IDENTITY (1, 1) NOT NULL,
    [Name]              VARCHAR (50)  NOT NULL,
    [SortOrder]         INT           NULL,
    [Description]       TEXT          NULL,
    [Active]            BIT           NOT NULL,
    [BannerGraphicFile] VARCHAR (100) NOT NULL,
    CONSTRAINT [PK_Categories] PRIMARY KEY CLUSTERED ([CategoryId] ASC)
);


GO
PRINT N'Creating unnamed constraint on [portal].[Configuration]...';


GO
ALTER TABLE [portal].[Configuration]
    ADD DEFAULT 1 FOR [AdCycle];


GO
PRINT N'Creating unnamed constraint on [portal].[Configuration]...';


GO
ALTER TABLE [portal].[Configuration]
    ADD DEFAULT 1 FOR [FeatureCycle];


GO
PRINT N'Creating unnamed constraint on [portal].[Configuration]...';


GO
ALTER TABLE [portal].[Configuration]
    ADD DEFAULT 1 FOR [ShowTechNotes];


GO
PRINT N'Creating unnamed constraint on [portal].[Configuration]...';


GO
ALTER TABLE [portal].[Configuration]
    ADD DEFAULT 1 FOR [RequireLogin];


GO
PRINT N'Creating unnamed constraint on [portal].[Ads]...';


GO
ALTER TABLE [portal].[Ads]
    ADD DEFAULT 1 FOR [Active];


GO
PRINT N'Creating unnamed constraint on [portal].[AdCategories]...';


GO
ALTER TABLE [portal].[AdCategories]
    ADD DEFAULT 1 FOR [Active];


GO
PRINT N'Creating unnamed constraint on [lookups].[FeatureCycles]...';


GO
ALTER TABLE [lookups].[FeatureCycles]
    ADD DEFAULT 1 FOR [Active];


GO
PRINT N'Creating unnamed constraint on [lookups].[AdCycles]...';


GO
ALTER TABLE [lookups].[AdCycles]
    ADD DEFAULT 1 FOR [Active];


GO
PRINT N'Creating unnamed constraint on [content].[Games]...';


GO
ALTER TABLE [content].[Games]
    ADD DEFAULT 1 FOR [Active];


GO
PRINT N'Creating unnamed constraint on [content].[GameCategories]...';


GO
ALTER TABLE [content].[GameCategories]
    ADD DEFAULT 1 FOR [Active];


GO
PRINT N'Creating unnamed constraint on [content].[Categories]...';


GO
ALTER TABLE [content].[Categories]
    ADD DEFAULT 1 FOR [Active];


GO
PRINT N'Creating [content].[FK_GameCategories_Games]...';


GO
ALTER TABLE [content].[GameCategories]
    ADD CONSTRAINT [FK_GameCategories_Games] FOREIGN KEY ([GameId]) REFERENCES [content].[Games] ([GameId]);


GO
-- Refactoring step to update target server with deployed transaction logs

IF OBJECT_ID(N'dbo.__RefactorLog') IS NULL
BEGIN
    CREATE TABLE [dbo].[__RefactorLog] (OperationKey UNIQUEIDENTIFIER NOT NULL PRIMARY KEY)
    EXEC sp_addextendedproperty N'microsoft_database_tools_support', N'refactoring log', N'schema', N'dbo', N'table', N'__RefactorLog'
END
GO
IF NOT EXISTS (SELECT OperationKey FROM [dbo].[__RefactorLog] WHERE OperationKey = 'aa18d553-1188-4dd6-999d-28f3226dac56')
INSERT INTO [dbo].[__RefactorLog] (OperationKey) values ('aa18d553-1188-4dd6-999d-28f3226dac56')
IF NOT EXISTS (SELECT OperationKey FROM [dbo].[__RefactorLog] WHERE OperationKey = 'a7175e29-3697-4284-8d1e-aabc6743b13f')
INSERT INTO [dbo].[__RefactorLog] (OperationKey) values ('a7175e29-3697-4284-8d1e-aabc6743b13f')
IF NOT EXISTS (SELECT OperationKey FROM [dbo].[__RefactorLog] WHERE OperationKey = 'aec7cb72-1b8c-4990-b5fa-8036d8384530')
INSERT INTO [dbo].[__RefactorLog] (OperationKey) values ('aec7cb72-1b8c-4990-b5fa-8036d8384530')
IF NOT EXISTS (SELECT OperationKey FROM [dbo].[__RefactorLog] WHERE OperationKey = 'fd91dd0a-ae7d-42dc-904b-42c2ca673058')
INSERT INTO [dbo].[__RefactorLog] (OperationKey) values ('fd91dd0a-ae7d-42dc-904b-42c2ca673058')
IF NOT EXISTS (SELECT OperationKey FROM [dbo].[__RefactorLog] WHERE OperationKey = 'ee1b7780-8199-4470-8f8a-64f4cbd626d4')
INSERT INTO [dbo].[__RefactorLog] (OperationKey) values ('ee1b7780-8199-4470-8f8a-64f4cbd626d4')
IF NOT EXISTS (SELECT OperationKey FROM [dbo].[__RefactorLog] WHERE OperationKey = '4e1b6798-0af0-44d3-8a9a-c8f4d1f1c11e')
INSERT INTO [dbo].[__RefactorLog] (OperationKey) values ('4e1b6798-0af0-44d3-8a9a-c8f4d1f1c11e')
IF NOT EXISTS (SELECT OperationKey FROM [dbo].[__RefactorLog] WHERE OperationKey = '546f9ce2-608a-4340-85b9-08e3784b903f')
INSERT INTO [dbo].[__RefactorLog] (OperationKey) values ('546f9ce2-608a-4340-85b9-08e3784b903f')
IF NOT EXISTS (SELECT OperationKey FROM [dbo].[__RefactorLog] WHERE OperationKey = 'b6a1f5d6-d59b-47d8-832b-2d861ad2f1fc')
INSERT INTO [dbo].[__RefactorLog] (OperationKey) values ('b6a1f5d6-d59b-47d8-832b-2d861ad2f1fc')
IF NOT EXISTS (SELECT OperationKey FROM [dbo].[__RefactorLog] WHERE OperationKey = '3bf47cf7-73aa-4b67-aa1b-cf25e7c1399d')
INSERT INTO [dbo].[__RefactorLog] (OperationKey) values ('3bf47cf7-73aa-4b67-aa1b-cf25e7c1399d')
IF NOT EXISTS (SELECT OperationKey FROM [dbo].[__RefactorLog] WHERE OperationKey = '950d6362-33ca-4816-9c4b-d2031215ac7f')
INSERT INTO [dbo].[__RefactorLog] (OperationKey) values ('950d6362-33ca-4816-9c4b-d2031215ac7f')
IF NOT EXISTS (SELECT OperationKey FROM [dbo].[__RefactorLog] WHERE OperationKey = '90d8d10b-cad6-49c6-a2c9-91da85a45e1c')
INSERT INTO [dbo].[__RefactorLog] (OperationKey) values ('90d8d10b-cad6-49c6-a2c9-91da85a45e1c')
IF NOT EXISTS (SELECT OperationKey FROM [dbo].[__RefactorLog] WHERE OperationKey = '676433d2-6fce-4a9f-a109-ab09150d35db')
INSERT INTO [dbo].[__RefactorLog] (OperationKey) values ('676433d2-6fce-4a9f-a109-ab09150d35db')

GO

GO
/*
Post-Deployment Script Template							
--------------------------------------------------------------------------------------
 This file contains SQL statements that will be appended to the build script.		
 Use SQLCMD syntax to include a file in the post-deployment script.			
 Example:      :r .\myfile.sql								
 Use SQLCMD syntax to reference a variable in the post-deployment script.		
 Example:      :setvar TableName MyTable							
               SELECT * FROM [$(TableName)]					
--------------------------------------------------------------------------------------
*/

/*portal seed data */
DELETE FROM [portal].[configuration]
GO
INSERT INTO [portal].[configuration]([ConfigId],[AdCycle],[FeatureCycle],[ShowTechNotes],[RequireLogin]) VALUES(1,1,2,1,1)
GO
DELETE FROM [portal].[AdCategories]
GO
SET IDENTITY_INSERT [portal].[AdCategories] ON 
INSERT [portal].[AdCategories] ([AdCategoryId], [Name], [SortOrder], [Description], [BannerGraphicFile], [Active]) VALUES (1, N'Promotions', 1, NULL, N'graphic.png', 1)
INSERT [portal].[AdCategories] ([AdCategoryId], [Name], [SortOrder], [Description], [BannerGraphicFile], [Active]) VALUES (2, N'Art', 2, NULL, N'graphic.png', 1)
SET IDENTITY_INSERT [portal].[AdCategories] OFF
GO

DELETE FROM [portal].[Ads]
GO
SET IDENTITY_INSERT [portal].[Ads] ON 
INSERT [portal].[Ads] ([AdId], [Name], [Priority], [Link], [StartDate], [ExpirationDate], [ClientId], [AdCategoryId], [BannerGraphicFile], [Active]) VALUES (1, N'Retro Rocket', 1, N'http://localhost/pennyarcade/', CAST(0x0700000000005A3D0B AS DateTime2), CAST(0x070000000000C73E0B AS DateTime2), 1, 2, N'ads/adbanner.png', 1)
INSERT [portal].[Ads] ([AdId], [Name], [Priority], [Link], [StartDate], [ExpirationDate], [ClientId], [AdCategoryId], [BannerGraphicFile], [Active]) VALUES (2, N'Space Invaders', 1, N'http://localhost/pennyarcade/', CAST(0x0700000000005A3D0B AS DateTime2), CAST(0x070000000000C73E0B AS DateTime2), 1, 2, N'graphic.png', 1)
SET IDENTITY_INSERT [portal].[Ads] OFF
GO

DELETE FROM [portal].[AdClients]
GO
SET IDENTITY_INSERT [portal].[AdClients] ON 
INSERT [portal].[AdClients] ([AdClientId], [Name], [Active]) VALUES (1, N'Cyberidian', 1)
SET IDENTITY_INSERT [portal].[AdClients] OFF
GO

/* lookup data */
DELETE FROM [lookups].[AdCycles]
GO
SET IDENTITY_INSERT [lookups].[AdCycles] ON 
INSERT [lookups].[AdCycles] ([AdCycleId], [Name], [Active]) VALUES (1, N'Random', 1)
INSERT [lookups].[AdCycles] ([AdCycleId], [Name], [Active]) VALUES (2, N'Priority', 1)
SET IDENTITY_INSERT [lookups].[AdCycles] OFF
GO

DELETE FROM [lookups].[FeatureCycles]
GO
SET IDENTITY_INSERT [lookups].[FeatureCycles] ON 
INSERT [lookups].[FeatureCycles] ([FeatureCycleId], [Name], [Active]) VALUES (1, N'Random', 1)
INSERT [lookups].[FeatureCycles] ([FeatureCycleId], [Name], [Active]) VALUES (2, N'Priority', 1)
SET IDENTITY_INSERT [lookups].[FeatureCycles] OFF

/* content data */
DELETE FROM [content].[Categories] 
GO
DELETE FROM [content].[GameCategories] 
GO
DELETE FROM [content].[Games]
GO

SET IDENTITY_INSERT [content].[Categories] ON 
INSERT [content].[Categories] ([CategoryId], [Name], [SortOrder], [Description], [Active], [BannerGraphicFile]) VALUES (1, N'Card Games', 1, NULL, 1, N'cardgames.png')
INSERT [content].[Categories] ([CategoryId], [Name], [SortOrder], [Description], [Active], [BannerGraphicFile]) VALUES (2, N'Puzzles', 2, NULL, 1, N'halloween-puzzles.png')
INSERT [content].[Categories] ([CategoryId], [Name], [SortOrder], [Description], [Active], [BannerGraphicFile]) VALUES (3, N'Casino', 3, NULL, 1, N'casino.png')
SET IDENTITY_INSERT [content].[Categories] OFF
GO

SET IDENTITY_INSERT [content].[Games] ON 
INSERT [content].[Games] ([GameId], [Name], [Link], [Description], [Graphic400x200], [Graphic200x100], [Graphic100x100], [TechNotes], [Developer], [Featured], [Priority], [Active]) VALUES (1, N'Go Fish', N'http://localhost/pennyarcade/', 'Play Go Fish against the computer.', N'go-fish.png', N'go-fish-200x100.png', N'go-fish-50x50.png', 'tech notes Go Fish ' , 'Rachael Harralson-Valletta', 1, 1, 1)
INSERT [content].[Games] ([GameId], [Name], [Link], [Description], [Graphic400x200], [Graphic200x100], [Graphic100x100], [TechNotes], [Developer], [Featured], [Priority], [Active]) VALUES (2, N'Go Fish - Multiplayer', N'http://localhost/pennyarcade/', 'Play Go Fish against friends online.', N'go-fish.png', N'go-fish-200x100.png', N'go-fish-50x50.png',  'tech notes Go Fish Multi' , 'Rachael Harralson-Valletta', 0, 2,  1)
INSERT [content].[Games] ([GameId], [Name], [Link], [Description], [Graphic400x200], [Graphic200x100], [Graphic100x100], [TechNotes], [Developer], [Featured], [Priority], [Active]) VALUES (3, N'Crazy 8', N'http://localhost/pennyarcade/', 'crazy crazy 8888', N'crazy8.png', N'crazy8-200x100.png', N'crazy8-50x50.png',  'tech notes Crazy 8' , 'Rachael Harralson-Valletta', 1, 3, 1)
INSERT [content].[Games] ([GameId], [Name], [Link], [Description], [Graphic400x200], [Graphic200x100], [Graphic100x100], [TechNotes], [Developer], [Featured], [Priority], [Active]) VALUES (4, N'Halloween Slider 1', N'http://localhost/pennyarcade/','How fast can you solve this spooky slider puzzle?',  N'halloween-puzzles.png', N'halloween-puzzles-200x100.png' , N'halloween-puzzles-50x50.png',  'tech notes Halloween Slider 1' , 'Rachael Harralson-Valletta', 0,4, 1)
INSERT [content].[Games] ([GameId], [Name], [Link], [Description], [Graphic400x200], [Graphic200x100], [Graphic100x100], [TechNotes], [Developer], [Featured], [Priority], [Active]) VALUES (5, N'Halloween Slider 2', N'http://localhost/pennyarcade/', 'How fast can you solve this spooky slider puzzle?', N'halloween-puzzles.png', N'halloween-puzzles-200x100.png', N'halloween-puzzles-50x50.png',  'tech notes Halloween Slider 2' , 'Rachael Harralson-Valletta', 0, 5, 1)
INSERT [content].[Games] ([GameId], [Name], [Link], [Description], [Graphic400x200], [Graphic200x100], [Graphic100x100], [TechNotes], [Developer], [Featured], [Priority], [Active]) VALUES (6, N'Halloween Jigsaw Puzzle', N'http://localhost/pennyarcade/','How fast can you solve this spooky jigsaw puzzle?',  N'halloween-puzzles.png',  N'halloween-puzzle-200x100.png', N'halloween-puzzle-50x50.png',  'tech notes Halloween Jigsaw Puzzle' , 'Rachael Harralson-Valletta', 0, 6, 1)
INSERT [content].[Games] ([GameId], [Name], [Link], [Description], [Graphic400x200], [Graphic200x100], [Graphic100x100], [TechNotes], [Developer], [Featured], [Priority], [Active]) VALUES (7, N'Cat Jigsaw Puzzle', N'http://localhost/pennyarcade/', 'How fast can you solve this cat jigsaw puzzle?', N'cat-puzzle.png', N'cat-puzzle-200x100.png', N'cat-puzzle-50x50.png',  'tech notes Cat Jigsaw Puzzle' , 'Rachael Harralson-Valletta', 0, 7, 1)
INSERT [content].[Games] ([GameId], [Name], [Link], [Description], [Graphic400x200], [Graphic200x100], [Graphic100x100], [TechNotes], [Developer], [Featured], [Priority], [Active]) VALUES (8, N'Black Jack', N'http://localhost/pennyarcade/', 'Try your hand at Black Jack', N'blackjack.png', N'blackjack-200x100.png', N'blackjack-50x50.png', 'tech notes Black Jack', 'Rachael Harralson-Valletta', 1, 8, 1)
INSERT [content].[Games] ([GameId], [Name], [Link], [Description], [Graphic400x200], [Graphic200x100], [Graphic100x100], [TechNotes], [Developer], [Featured], [Priority], [Active]) VALUES (9, N'Roulette', N'http://localhost/pennyarcade/','Are you lucky today?',  N'roulette.png', N'roulette-200x100.png', N'roulette-50x50.png', 'tech notes Roulette', 'Rachael Harralson-Valletta', 0, 9, 1)
SET IDENTITY_INSERT [content].[Games] OFF
GO

INSERT INTO [content].[GameCategories] ([CategoryId],[GameId],[Active]) VALUES (1,1,1)
INSERT INTO [content].[GameCategories] ([CategoryId],[GameId],[Active]) VALUES (1,2,1)
INSERT INTO [content].[GameCategories] ([CategoryId],[GameId],[Active]) VALUES (1,3,1)
INSERT INTO [content].[GameCategories] ([CategoryId],[GameId],[Active]) VALUES (2,4,1)
INSERT INTO [content].[GameCategories] ([CategoryId],[GameId],[Active]) VALUES (2,5,1)
INSERT INTO [content].[GameCategories] ([CategoryId],[GameId],[Active]) VALUES (2,6,1)
INSERT INTO [content].[GameCategories] ([CategoryId],[GameId],[Active]) VALUES (2,7,1)
INSERT INTO [content].[GameCategories] ([CategoryId],[GameId],[Active]) VALUES (3,8,1)
INSERT INTO [content].[GameCategories] ([CategoryId],[GameId],[Active]) VALUES (3,9,1)
GO

GO
DECLARE @VarDecimalSupported AS BIT;

SELECT @VarDecimalSupported = 0;

IF ((ServerProperty(N'EngineEdition') = 3)
    AND (((@@microsoftversion / power(2, 24) = 9)
          AND (@@microsoftversion & 0xffff >= 3024))
         OR ((@@microsoftversion / power(2, 24) = 10)
             AND (@@microsoftversion & 0xffff >= 1600))))
    SELECT @VarDecimalSupported = 1;

IF (@VarDecimalSupported > 0)
    BEGIN
        EXECUTE sp_db_vardecimal_storage_format N'$(DatabaseName)', 'ON';
    END


GO
ALTER DATABASE [$(DatabaseName)]
    SET MULTI_USER 
    WITH ROLLBACK IMMEDIATE;


GO
PRINT N'Update complete.';


GO
